--
-- PostgreSQL database dump
--

-- Dumped from database version 17.2
-- Dumped by pg_dump version 17.2

SET statement_timeout = 0;
SET lock_timeout = 0;
SET idle_in_transaction_session_timeout = 0;
SET transaction_timeout = 0;
SET client_encoding = 'UTF8';
SET standard_conforming_strings = on;
SELECT pg_catalog.set_config('search_path', '', false);
SET check_function_bodies = false;
SET xmloption = content;
SET client_min_messages = warning;
SET row_security = off;

--
-- Name: drinks; Type: SCHEMA; Schema: -; Owner: postgres
--

CREATE SCHEMA drinks;


ALTER SCHEMA drinks OWNER TO postgres;

--
-- Name: general; Type: SCHEMA; Schema: -; Owner: postgres
--

CREATE SCHEMA general;


ALTER SCHEMA general OWNER TO postgres;

--
-- Name: language_code; Type: TYPE; Schema: general; Owner: postgres
--

CREATE TYPE general.language_code AS ENUM (
    'en-US',
    'de-DE'
);


ALTER TYPE general.language_code OWNER TO postgres;

SET default_tablespace = '';

SET default_table_access_method = heap;

--
-- Name: cocktail_ingredients; Type: TABLE; Schema: drinks; Owner: postgres
--

CREATE TABLE drinks.cocktail_ingredients (
    id integer NOT NULL,
    ingredients_id integer NOT NULL,
    cocktail_id integer NOT NULL,
    quantity numeric NOT NULL,
    measure_unit_id integer NOT NULL,
    modified_on date DEFAULT CURRENT_DATE NOT NULL,
    created_on date DEFAULT CURRENT_DATE NOT NULL
);


ALTER TABLE drinks.cocktail_ingredients OWNER TO postgres;

--
-- Name: cocktail_ingredients_id_seq; Type: SEQUENCE; Schema: drinks; Owner: postgres
--

ALTER TABLE drinks.cocktail_ingredients ALTER COLUMN id ADD GENERATED BY DEFAULT AS IDENTITY (
    SEQUENCE NAME drinks.cocktail_ingredients_id_seq
    START WITH 1
    INCREMENT BY 1
    NO MINVALUE
    NO MAXVALUE
    CACHE 1
);


--
-- Name: cocktail_translation; Type: TABLE; Schema: drinks; Owner: postgres
--

CREATE TABLE drinks.cocktail_translation (
    id integer NOT NULL,
    cocktail_id integer NOT NULL,
    language_code character varying(5) NOT NULL,
    name text NOT NULL,
    instructions text NOT NULL
);


ALTER TABLE drinks.cocktail_translation OWNER TO postgres;

--
-- Name: cocktail_translation_id_seq; Type: SEQUENCE; Schema: drinks; Owner: postgres
--

ALTER TABLE drinks.cocktail_translation ALTER COLUMN id ADD GENERATED BY DEFAULT AS IDENTITY (
    SEQUENCE NAME drinks.cocktail_translation_id_seq
    START WITH 1
    INCREMENT BY 1
    NO MINVALUE
    NO MAXVALUE
    CACHE 1
);


--
-- Name: cocktails; Type: TABLE; Schema: drinks; Owner: postgres
--

CREATE TABLE drinks.cocktails (
    id integer NOT NULL,
    is_alcoholic boolean,
    modified_on date DEFAULT CURRENT_DATE NOT NULL,
    created_on date DEFAULT CURRENT_DATE NOT NULL
);


ALTER TABLE drinks.cocktails OWNER TO postgres;

--
-- Name: cocktails_id_seq; Type: SEQUENCE; Schema: drinks; Owner: postgres
--

ALTER TABLE drinks.cocktails ALTER COLUMN id ADD GENERATED BY DEFAULT AS IDENTITY (
    SEQUENCE NAME drinks.cocktails_id_seq
    START WITH 1
    INCREMENT BY 1
    NO MINVALUE
    NO MAXVALUE
    CACHE 1
);


--
-- Name: favorite_user_cocktail; Type: TABLE; Schema: drinks; Owner: postgres
--

CREATE TABLE drinks.favorite_user_cocktail (
    id integer NOT NULL,
    user_id integer NOT NULL,
    cocktail_id integer NOT NULL
);


ALTER TABLE drinks.favorite_user_cocktail OWNER TO postgres;

--
-- Name: favorite_user_cocktail_id_seq; Type: SEQUENCE; Schema: drinks; Owner: postgres
--

ALTER TABLE drinks.favorite_user_cocktail ALTER COLUMN id ADD GENERATED BY DEFAULT AS IDENTITY (
    SEQUENCE NAME drinks.favorite_user_cocktail_id_seq
    START WITH 1
    INCREMENT BY 1
    NO MINVALUE
    NO MAXVALUE
    CACHE 1
);


--
-- Name: ingredient_translations; Type: TABLE; Schema: drinks; Owner: postgres
--

CREATE TABLE drinks.ingredient_translations (
    id integer NOT NULL,
    ingredient_id integer NOT NULL,
    language_code character varying(5) NOT NULL,
    name text NOT NULL
);


ALTER TABLE drinks.ingredient_translations OWNER TO postgres;

--
-- Name: ingredient_translations_id_seq; Type: SEQUENCE; Schema: drinks; Owner: postgres
--

ALTER TABLE drinks.ingredient_translations ALTER COLUMN id ADD GENERATED BY DEFAULT AS IDENTITY (
    SEQUENCE NAME drinks.ingredient_translations_id_seq
    START WITH 1
    INCREMENT BY 1
    NO MINVALUE
    NO MAXVALUE
    CACHE 1
);


--
-- Name: ingredients; Type: TABLE; Schema: drinks; Owner: postgres
--

CREATE TABLE drinks.ingredients (
    id integer NOT NULL,
    alcohol_volume numeric NOT NULL,
    created_on date DEFAULT CURRENT_DATE NOT NULL,
    modified_on date DEFAULT CURRENT_DATE NOT NULL
);


ALTER TABLE drinks.ingredients OWNER TO postgres;

--
-- Name: ingredients_id_seq; Type: SEQUENCE; Schema: drinks; Owner: postgres
--

ALTER TABLE drinks.ingredients ALTER COLUMN id ADD GENERATED BY DEFAULT AS IDENTITY (
    SEQUENCE NAME drinks.ingredients_id_seq
    START WITH 1
    INCREMENT BY 1
    NO MINVALUE
    NO MAXVALUE
    CACHE 1
);


--
-- Name: measure_unit_translations; Type: TABLE; Schema: general; Owner: postgres
--

CREATE TABLE general.measure_unit_translations (
    id integer NOT NULL,
    measure_unit_id integer NOT NULL,
    language_code character varying(5) NOT NULL,
    name text NOT NULL
);


ALTER TABLE general.measure_unit_translations OWNER TO postgres;

--
-- Name: measure_unit_translations_id_seq; Type: SEQUENCE; Schema: general; Owner: postgres
--

ALTER TABLE general.measure_unit_translations ALTER COLUMN id ADD GENERATED BY DEFAULT AS IDENTITY (
    SEQUENCE NAME general.measure_unit_translations_id_seq
    START WITH 1
    INCREMENT BY 1
    NO MINVALUE
    NO MAXVALUE
    CACHE 1
);


--
-- Name: measure_units; Type: TABLE; Schema: general; Owner: postgres
--

CREATE TABLE general.measure_units (
    id integer NOT NULL,
    abbreviation text NOT NULL
);


ALTER TABLE general.measure_units OWNER TO postgres;

--
-- Name: measure_units_id_seq; Type: SEQUENCE; Schema: general; Owner: postgres
--

ALTER TABLE general.measure_units ALTER COLUMN id ADD GENERATED BY DEFAULT AS IDENTITY (
    SEQUENCE NAME general.measure_units_id_seq
    START WITH 1
    INCREMENT BY 1
    NO MINVALUE
    NO MAXVALUE
    CACHE 1
);


--
-- Name: users; Type: TABLE; Schema: general; Owner: postgres
--

CREATE TABLE general.users (
    id integer NOT NULL,
    username text NOT NULL,
    email text NOT NULL,
    created_on timestamp without time zone DEFAULT CURRENT_DATE NOT NULL,
    language general.language_code,
    unit_of_measure_liquids integer,
    unit_of_measure_solids integer
);


ALTER TABLE general.users OWNER TO postgres;

--
-- Name: users_id_seq; Type: SEQUENCE; Schema: general; Owner: postgres
--

ALTER TABLE general.users ALTER COLUMN id ADD GENERATED ALWAYS AS IDENTITY (
    SEQUENCE NAME general.users_id_seq
    START WITH 1
    INCREMENT BY 1
    NO MINVALUE
    NO MAXVALUE
    CACHE 1
);


--
-- Data for Name: cocktail_ingredients; Type: TABLE DATA; Schema: drinks; Owner: postgres
--

COPY drinks.cocktail_ingredients (id, ingredients_id, cocktail_id, quantity, measure_unit_id, modified_on, created_on) FROM stdin;
1	1	1	50	1	2025-02-18	2025-02-18
2	2	1	25	1	2025-02-18	2025-02-18
3	3	1	20	1	2025-02-18	2025-02-18
4	1	2	50	1	2025-02-18	2025-02-18
5	4	2	150	1	2025-02-18	2025-02-18
6	5	2	10	1	2025-02-18	2025-02-18
\.


--
-- Data for Name: cocktail_translation; Type: TABLE DATA; Schema: drinks; Owner: postgres
--

COPY drinks.cocktail_translation (id, cocktail_id, language_code, name, instructions) FROM stdin;
1	1	en-US	Margarita	1. Prepare the salted rim on the glass. 2. Shake all ingredients with ice. 3. Strain into the glass.
2	1	de-DE	Margarita	1. Salzrand auf dem Glas vorbereiten. 2. Zutaten mit Eis shaken. 3. In das Glas abseihen.
3	2	en-US	Tequila Sunrise	1. Pour tequila and orange juice into a glass with ice. 2. Slowly add grenadine. 3. Let it settle to create the sunrise effect.
4	2	de-DE	Tequila Sunrise	1. Tequila und Orangensaft in ein Glas mit Eis geben. 2. Grenadine langsam hinzufügen. 3. Warten, bis der Sunrise-Effekt entsteht.
\.


--
-- Data for Name: cocktails; Type: TABLE DATA; Schema: drinks; Owner: postgres
--

COPY drinks.cocktails (id, is_alcoholic, modified_on, created_on) FROM stdin;
1	t	2025-02-18	2025-02-18
2	t	2025-02-18	2025-02-18
\.


--
-- Data for Name: favorite_user_cocktail; Type: TABLE DATA; Schema: drinks; Owner: postgres
--

COPY drinks.favorite_user_cocktail (id, user_id, cocktail_id) FROM stdin;
\.


--
-- Data for Name: ingredient_translations; Type: TABLE DATA; Schema: drinks; Owner: postgres
--

COPY drinks.ingredient_translations (id, ingredient_id, language_code, name) FROM stdin;
1	1	en-US	Tequila
2	1	de-DE	Tequila
3	2	en-US	Lime Juice
4	2	de-DE	Limettensaft
5	3	en-US	Triple Sec
6	3	de-DE	Triple Sec
7	4	en-US	Orange Juice
8	4	de-DE	Orangensaft
9	5	en-US	Grenadine
10	5	de-DE	Grenadine
\.


--
-- Data for Name: ingredients; Type: TABLE DATA; Schema: drinks; Owner: postgres
--

COPY drinks.ingredients (id, alcohol_volume, created_on, modified_on) FROM stdin;
1	0.4	2025-02-18	2025-02-18
2	0.0	2025-02-18	2025-02-18
3	0.3	2025-02-18	2025-02-18
4	0.0	2025-02-18	2025-02-18
5	0.0	2025-02-18	2025-02-18
\.


--
-- Data for Name: measure_unit_translations; Type: TABLE DATA; Schema: general; Owner: postgres
--

COPY general.measure_unit_translations (id, measure_unit_id, language_code, name) FROM stdin;
1	1	en-US	Milliliter
2	1	de-DE	Milliliter
3	2	en-US	Drop
4	2	de-DE	Tropfen
5	3	en-US	Teaspoon
6	3	de-DE	Teelöffel
7	4	en-US	Tablespoon
8	4	de-DE	Esslöffel
9	5	en-US	Dash
10	5	de-DE	Schuss
11	6	en-US	Splash
12	6	de-DE	Spritzer
13	7	en-US	Gram
14	7	de-DE	Gramm
15	8	en-US	Piece
16	8	de-DE	Stück
17	9	en-US	Leaf
18	9	de-DE	Blatt
19	10	en-US	Clove
20	10	de-DE	Zehe
21	11	en-US	Stick
22	11	de-DE	Stange
23	12	en-US	Pinch
24	12	de-DE	Prise
25	13	en-US	Knife Tip
26	13	de-DE	Messerspitze
27	14	en-US	Bunch
28	14	de-DE	Bund
\.


--
-- Data for Name: measure_units; Type: TABLE DATA; Schema: general; Owner: postgres
--

COPY general.measure_units (id, abbreviation) FROM stdin;
1	Ml
2	Drop
3	Tsp
4	Tbsp
5	Dash
6	Splash
7	G
8	Pcs
9	Leaf
10	Clove
11	Stick
12	Pinch
13	Kt
14	Bunch
\.


--
-- Data for Name: users; Type: TABLE DATA; Schema: general; Owner: postgres
--

COPY general.users (id, username, email, created_on, language, unit_of_measure_liquids, unit_of_measure_solids) FROM stdin;
1	john_doe	john.doe@example.com	2025-02-12 16:16:01.428854	en-US	1	1
2	jane_smith	jane.smith@example.com	2025-02-12 16:16:01.49968	en-US	2	2
3	Frabely	test@ted.de	2025-02-13 00:00:00	en-US	1	1
4	Frubely	test@tedd.de	2025-02-14 00:00:00	en-US	1	1
5	Frebely	test@tedad.de	2025-02-14 00:00:00	de-DE	2	2
\.


--
-- Name: cocktail_ingredients_id_seq; Type: SEQUENCE SET; Schema: drinks; Owner: postgres
--

SELECT pg_catalog.setval('drinks.cocktail_ingredients_id_seq', 6, true);


--
-- Name: cocktail_translation_id_seq; Type: SEQUENCE SET; Schema: drinks; Owner: postgres
--

SELECT pg_catalog.setval('drinks.cocktail_translation_id_seq', 4, true);


--
-- Name: cocktails_id_seq; Type: SEQUENCE SET; Schema: drinks; Owner: postgres
--

SELECT pg_catalog.setval('drinks.cocktails_id_seq', 2, true);


--
-- Name: favorite_user_cocktail_id_seq; Type: SEQUENCE SET; Schema: drinks; Owner: postgres
--

SELECT pg_catalog.setval('drinks.favorite_user_cocktail_id_seq', 1, false);


--
-- Name: ingredient_translations_id_seq; Type: SEQUENCE SET; Schema: drinks; Owner: postgres
--

SELECT pg_catalog.setval('drinks.ingredient_translations_id_seq', 10, true);


--
-- Name: ingredients_id_seq; Type: SEQUENCE SET; Schema: drinks; Owner: postgres
--

SELECT pg_catalog.setval('drinks.ingredients_id_seq', 5, true);


--
-- Name: measure_unit_translations_id_seq; Type: SEQUENCE SET; Schema: general; Owner: postgres
--

SELECT pg_catalog.setval('general.measure_unit_translations_id_seq', 28, true);


--
-- Name: measure_units_id_seq; Type: SEQUENCE SET; Schema: general; Owner: postgres
--

SELECT pg_catalog.setval('general.measure_units_id_seq', 14, true);


--
-- Name: users_id_seq; Type: SEQUENCE SET; Schema: general; Owner: postgres
--

SELECT pg_catalog.setval('general.users_id_seq', 5, true);


--
-- Name: cocktail_ingredients cocktail_ingredients_pk; Type: CONSTRAINT; Schema: drinks; Owner: postgres
--

ALTER TABLE ONLY drinks.cocktail_ingredients
    ADD CONSTRAINT cocktail_ingredients_pk PRIMARY KEY (id);


--
-- Name: cocktail_translation cocktail_translation_pk; Type: CONSTRAINT; Schema: drinks; Owner: postgres
--

ALTER TABLE ONLY drinks.cocktail_translation
    ADD CONSTRAINT cocktail_translation_pk PRIMARY KEY (id);


--
-- Name: cocktails cocktails_pk; Type: CONSTRAINT; Schema: drinks; Owner: postgres
--

ALTER TABLE ONLY drinks.cocktails
    ADD CONSTRAINT cocktails_pk PRIMARY KEY (id);


--
-- Name: favorite_user_cocktail favorite_user_cocktail_pk; Type: CONSTRAINT; Schema: drinks; Owner: postgres
--

ALTER TABLE ONLY drinks.favorite_user_cocktail
    ADD CONSTRAINT favorite_user_cocktail_pk PRIMARY KEY (id);


--
-- Name: ingredient_translations ingredient_translations_pk; Type: CONSTRAINT; Schema: drinks; Owner: postgres
--

ALTER TABLE ONLY drinks.ingredient_translations
    ADD CONSTRAINT ingredient_translations_pk PRIMARY KEY (id);


--
-- Name: ingredients ingredients_pk; Type: CONSTRAINT; Schema: drinks; Owner: postgres
--

ALTER TABLE ONLY drinks.ingredients
    ADD CONSTRAINT ingredients_pk PRIMARY KEY (id);


--
-- Name: measure_unit_translations measure_unit_translations_pk; Type: CONSTRAINT; Schema: general; Owner: postgres
--

ALTER TABLE ONLY general.measure_unit_translations
    ADD CONSTRAINT measure_unit_translations_pk PRIMARY KEY (id);


--
-- Name: measure_units measure_units_pk; Type: CONSTRAINT; Schema: general; Owner: postgres
--

ALTER TABLE ONLY general.measure_units
    ADD CONSTRAINT measure_units_pk PRIMARY KEY (id);


--
-- Name: users users_pk; Type: CONSTRAINT; Schema: general; Owner: postgres
--

ALTER TABLE ONLY general.users
    ADD CONSTRAINT users_pk PRIMARY KEY (id);


--
-- Name: cocktail_ingredients_cocktail_id_ingredients_id_uindex; Type: INDEX; Schema: drinks; Owner: postgres
--

CREATE UNIQUE INDEX cocktail_ingredients_cocktail_id_ingredients_id_uindex ON drinks.cocktail_ingredients USING btree (cocktail_id, ingredients_id);


--
-- Name: cocktail_translation_language_code_cocktail_id_uindex; Type: INDEX; Schema: drinks; Owner: postgres
--

CREATE UNIQUE INDEX cocktail_translation_language_code_cocktail_id_uindex ON drinks.cocktail_translation USING btree (language_code, cocktail_id);


--
-- Name: favorite_user_cocktail_user_id_cocktail_id_uindex; Type: INDEX; Schema: drinks; Owner: postgres
--

CREATE UNIQUE INDEX favorite_user_cocktail_user_id_cocktail_id_uindex ON drinks.favorite_user_cocktail USING btree (user_id, cocktail_id);


--
-- Name: ingredient_translations_language_code_ingredient_id_uindex; Type: INDEX; Schema: drinks; Owner: postgres
--

CREATE UNIQUE INDEX ingredient_translations_language_code_ingredient_id_uindex ON drinks.ingredient_translations USING btree (language_code, ingredient_id);


--
-- Name: measure_unit_translations_measure_unit_id_language_code_uindex; Type: INDEX; Schema: general; Owner: postgres
--

CREATE UNIQUE INDEX measure_unit_translations_measure_unit_id_language_code_uindex ON general.measure_unit_translations USING btree (measure_unit_id, language_code);


--
-- Name: measure_units_abbreviation_uindex; Type: INDEX; Schema: general; Owner: postgres
--

CREATE UNIQUE INDEX measure_units_abbreviation_uindex ON general.measure_units USING btree (abbreviation);


--
-- Name: users_email_uindex; Type: INDEX; Schema: general; Owner: postgres
--

CREATE UNIQUE INDEX users_email_uindex ON general.users USING btree (email);


--
-- Name: users_username_uindex; Type: INDEX; Schema: general; Owner: postgres
--

CREATE UNIQUE INDEX users_username_uindex ON general.users USING btree (username);


--
-- Name: cocktail_ingredients cocktail_ingredients_cocktails_id_fk; Type: FK CONSTRAINT; Schema: drinks; Owner: postgres
--

ALTER TABLE ONLY drinks.cocktail_ingredients
    ADD CONSTRAINT cocktail_ingredients_cocktails_id_fk FOREIGN KEY (cocktail_id) REFERENCES drinks.cocktails(id);


--
-- Name: cocktail_ingredients cocktail_ingredients_ingredients_id_fk; Type: FK CONSTRAINT; Schema: drinks; Owner: postgres
--

ALTER TABLE ONLY drinks.cocktail_ingredients
    ADD CONSTRAINT cocktail_ingredients_ingredients_id_fk FOREIGN KEY (ingredients_id) REFERENCES drinks.ingredients(id);


--
-- Name: cocktail_ingredients cocktail_ingredients_measure_units_id_fk; Type: FK CONSTRAINT; Schema: drinks; Owner: postgres
--

ALTER TABLE ONLY drinks.cocktail_ingredients
    ADD CONSTRAINT cocktail_ingredients_measure_units_id_fk FOREIGN KEY (measure_unit_id) REFERENCES general.measure_units(id);


--
-- Name: cocktail_translation cocktail_translation_cocktails_id_fk; Type: FK CONSTRAINT; Schema: drinks; Owner: postgres
--

ALTER TABLE ONLY drinks.cocktail_translation
    ADD CONSTRAINT cocktail_translation_cocktails_id_fk FOREIGN KEY (cocktail_id) REFERENCES drinks.cocktails(id);


--
-- Name: favorite_user_cocktail favorite_user_cocktail_cocktails_id_fk; Type: FK CONSTRAINT; Schema: drinks; Owner: postgres
--

ALTER TABLE ONLY drinks.favorite_user_cocktail
    ADD CONSTRAINT favorite_user_cocktail_cocktails_id_fk FOREIGN KEY (cocktail_id) REFERENCES drinks.cocktails(id);


--
-- Name: favorite_user_cocktail favorite_user_cocktail_users_id_fk; Type: FK CONSTRAINT; Schema: drinks; Owner: postgres
--

ALTER TABLE ONLY drinks.favorite_user_cocktail
    ADD CONSTRAINT favorite_user_cocktail_users_id_fk FOREIGN KEY (user_id) REFERENCES general.users(id);


--
-- Name: ingredient_translations ingredient_translations_ingredients_id_fk; Type: FK CONSTRAINT; Schema: drinks; Owner: postgres
--

ALTER TABLE ONLY drinks.ingredient_translations
    ADD CONSTRAINT ingredient_translations_ingredients_id_fk FOREIGN KEY (ingredient_id) REFERENCES drinks.ingredients(id);


--
-- Name: measure_unit_translations measure_unit_translations_measure_units_id_fk; Type: FK CONSTRAINT; Schema: general; Owner: postgres
--

ALTER TABLE ONLY general.measure_unit_translations
    ADD CONSTRAINT measure_unit_translations_measure_units_id_fk FOREIGN KEY (measure_unit_id) REFERENCES general.measure_units(id);


--
-- PostgreSQL database dump complete
--

